# full_idealized_MIEZE_4p5A_sx_sy_sz_417p1kHz# t, y, Sx, Sy, Sz
2.1225803366508864, 1866.0, -0.41850944633369797, -4.5563380491159065e-06, -0.9082124298399568
2.1225813366508866, 1866.000879118669, -0.41850944633369797, -4.5563380491159065e-06, -0.9082124298399568
2.122591336650888, 1866.0096703053584, -0.41850944633369797, -4.5563380491159065e-06, -0.9082124298399568
2.1226313366508878, 1866.0448350521106, -0.41850944633369797, -4.5563380491159065e-06, -0.9082124298399568
2.1226713366508876, 1866.079999798863, -0.41850944633369797, -4.5563380491159065e-06, -0.9082124298399568
2.1227113366508874, 1866.1151645456152, -0.41850944633369797, -4.5563380491159065e-06, -0.9082124298399568
2.122751336650887, 1866.1503292923674, -0.41850944633369797, -4.5563380491159065e-06, -0.9082124298399568
2.122791336650887, 1866.1854940391197, -0.41850944633369797, -4.5563380491159065e-06, -0.9082124298399568
2.122831336650887, 1866.2206587858718, -0.41850944633369797, -4.5563380491159065e-06, -0.9082124298399568
2.1228713366508867, 1866.2558235326242, -0.41850944633369797, -4.5563380491159065e-06, -0.9082124298399568
2.1229113366508865, 1866.2909882793765, -0.41850944633369797, -4.5563380491159065e-06, -0.9082124298399568
2.1229513366508863, 1866.3261530261286, -0.41850944633369797, -4.5563380491159065e-06, -0.9082124298399568
2.122991336650886, 1866.361317772881, -0.41850944633369797, -4.5563380491159065e-06, -0.9082124298399568
2.123031336650886, 1866.3964825196333, -0.41850944633369797, -4.5563380491159065e-06, -0.9082124298399568
2.1230713366508858, 1866.4316472663854, -0.41850944633369797, -4.5563380491159065e-06, -0.9082124298399568
2.1231113366508856, 1866.4668120131378, -0.41850944633369797, -4.5563380491159065e-06, -0.9082124298399568
2.1231218439849253, 1866.4760492066516, -0.41850944633369797, -4.5563380491159065e-06, -0.9082124298399568
2.123132351318965, 1866.4852864001653, -0.41850944633369797, -4.5563380491159065e-06, -0.9082124298399568
2.123147236489379, 1866.4983722313648, -0.41850944633369797, -4.5563380491159065e-06, -0.9082124298399568
2.1231489498127143, 1866.4998784458944, -0.41850944633369797, -4.5563380491159065e-06, -0.9082124298399568
2.1231500168839066, 1866.5008165281006, -0.4161997965362591, 0.00010733341208894917, -0.9092732028073083
2.1231509827194466, 1866.5016656121547, -0.41389693384103804, 0.0002187662478084133, -0.9103237444992092
2.1231606410748465, 1866.5101564526967, -0.3907250540340529, 0.0013330940638253022, -0.9205064880330295
2.1232006410748463, 1866.545321199449, -0.2922669989959839, 0.00594802629198184, -0.9563182843853147
2.123240641074846, 1866.5804859462012, -0.19061387773222713, 0.010562777037086721, -0.9816082800150525
2.123280641074846, 1866.6156506929535, -0.0868889398037943, 0.015177205499391437, -0.9961024053172617
2.1233206410748457, 1866.6508154397059, 0.017762473971426412, 0.01979117088897877, -0.9996463577928257
2.1233606410748456, 1866.685980186458, 0.12218568405557254, 0.024404532430061316, -0.99220719270415
2.1234006410748454, 1866.7211449332103, 0.22522951220843462, 0.029017149365277346, -0.9738735580087585
2.123440641074845, 1866.7563096799627, 0.32575906511546704, 0.03362888095998094, -0.9448545730677876
2.123480641074845, 1866.7914744267148, 0.42266831865078164, 0.03823958650653973, -0.9054773658634705
2.123520641074845, 1866.8266391734671, 0.514892362304803, 0.04284912532862866, -0.8561832984994563
2.1235606410748447, 1866.8618039202195, 0.6014191673894855, 0.04745735678551768, -0.7975229254304561
2.1236006410748445, 1866.8969686669716, 0.681300748245513, 0.05206414027636658, -0.7301497430081111
2.1236406410748443, 1866.932133413724, 0.7536635927486499, 0.05666933524451554, -0.6548128023794688
2.123680641074844, 1866.967298160476, 0.81771824686292, 0.06127280118176913, -0.5723482703825953
2.123720641074844, 1867.0024629072284, 0.8727679477176387, 0.06587439763268714, -0.4836700347101535
2.1237606410748437, 1867.0376276539807, 0.9182162105803803, 0.07047398419887028, -0.3897594601272745
2.1238006410748436, 1867.0727924007329, 0.9535732870326501, 0.0750714205432406, -0.29165441181869145
2.1238406410748434, 1867.1079571474852, 0.9784614244918263, 0.0796665663943259, -0.19043766990010874
2.123880641074843, 1867.1431218942375, 0.9926188708144827, 0.08425928155053979, -0.08722486567369017
2.123920641074843, 1867.1782866409897, 0.9959025819069814, 0.08884942588445668, 0.01684792473279402
2.123960641074843, 1867.213451387742, 0.9882896048973697, 0.09343685934708965, 0.12063679018234673
2.1240006410748427, 1867.2486161344943, 0.9698771243217982, 0.09802144197216359, 0.22300265669246594
2.1240406410748425, 1867.2837808812465, 0.9408811737799425, 0.10260303388038317, 0.3228238804821642
2.1240806410748423, 1867.3189456279988, 0.9016340304476973, 0.10718149528370295, 0.4190086216733927
2.124120641074842, 1867.3541103747511, 0.8525803245334044, 0.11175668648959275, 0.5105068612256233
2.124160641074842, 1867.3892751215033, 0.7942719100609655, 0.11632846790529709, 0.5963219280262262
2.1242006410748417, 1867.4244398682556, 0.7273615570993114, 0.12089670004209671, 0.6755214088858441
2.1242406410748416, 1867.4596046150077, 0.6525955385796526, 0.1254612435195647, 0.747247321427042
2.1242806410748414, 1867.49476936176, 0.5708051970051016, 0.13002195906981526, 0.8107254384201743
2.124320641074841, 1867.5299341085124, 0.48289758752717715, 0.13457870754176018, 0.8652736619119896
2.124360641074841, 1867.5650988552645, 0.3898453039176645, 0.13913134990534554, 0.9103093563957803
2.124400641074841, 1867.6002636020169, 0.292675602792539, 0.14367974725580177, 0.9453555621604828
2.1244406410748407, 1867.6354283487692, 0.1924589489517573, 0.14822376081787722, 0.970046022692919
2.1244806410748405, 1867.6705930955213, 0.09029711080439824, 0.15276325195007132, 0.9841289734461032
2.1245206410748403, 1867.7057578422737, -0.0126890605111223, 0.1572980821488675, 0.9874696532735565
2.12456064107484, 1867.740922589026, -0.11537203157455832, 0.16182811305295985, 0.9800515142055394
2.12460064107484, 1867.7760873357781, -0.21663002837713902, 0.16635320644747006, 0.9619761198448963
2.1246406410748397, 1867.8112520825305, -0.31535938090927446, 0.17087322426816828, 0.9334617373226735
2.1246806410748396, 1867.8464168292828, -0.4104866338118667, 0.17538802860568625, 0.8948406423116558
2.1247206410748394, 1867.881581576035, -0.5009802893084931, 0.17989748170972059, 0.8465551708860568
2.124760641074839, 1867.9167463227873, -0.5858620531714261, 0.18440144599323943, 0.7891525658780375
2.124800641074839, 1867.9519110695394, -0.664217460441322, 0.188899784036681, 0.723278678662231
2.124840641074839, 1867.9870758162917, -0.7352057649460667, 0.1933923585921419, 0.6496705998508363
2.1248806410748386, 1868.022240563044, -0.7980689852612319, 0.19787903258756845, 0.5691483040657981
2.1249206410748385, 1868.0574053097962, -0.852140009521417, 0.20235966913093925, 0.4826054046431113
2.1249606410748383, 1868.0925700565485, -0.8968496723141699, 0.2068341315144385, 0.3909991237011259
2.125000641074838, 1868.1277348033009, -0.9317327286404906, 0.21130228321862973, 0.2953395913666382
2.125040641074838, 1868.162899550053, -0.956432662472437, 0.2157639879166214, 0.19667859501046123
2.1250806410748377, 1868.1980642968053, -0.9707052806350116, 0.2202191094782237, 0.09609790502402131
2.1251206410748376, 1868.2332290435577, -0.9744210564355005, 0.22466751197410428, -0.005302692087823621
2.1251606410748374, 1868.2683937903098, -0.9675662015029821, 0.22910905967993594, -0.10641751975682795
2.125200641074837, 1868.3035585370621, -0.9502424585248359, 0.23354361708053503, -0.20614716174045195
2.125240641074837, 1868.3387232838145, -0.9226656218153771, 0.23797104887399842, -0.3034105022939475
2.125280641074837, 1868.3738880305666, -0.8851628067643018, 0.24239121997583205, -0.3971565233185526
2.1253206410748366, 1868.409052777319, -0.8381685030317336, 0.2468039955230697, -0.486375728903419
2.1253606410748365, 1868.444217524071, -0.7822194597286577, 0.25120924087839025, -0.5701110723361225
2.1254006410748363, 1868.4793822708234, -0.717948463598469, 0.2556068216342258, -0.6474682666879971
2.125440641074836, 1868.5145470175758, -0.6460770832567017, 0.2599966036168587, -0.7176253674123514
2.125480641074836, 1868.5497117643279, -0.5674074637201216, 0.2643784528905226, -0.7798415239378046
2.1255206410748357, 1868.5848765110802, -0.4828132656420705, 0.2687522357614807, -0.8334648068942396
2.1255606410748356, 1868.6200412578326, -0.3932298527586573, 0.27311781878210994, -0.8779390282619172
2.1256006410748354, 1868.6552060045847, -0.29964383894356283, 0.27747506875497296, -0.9128094832611188
2.125640641074835, 1868.690370751337, -0.2030821128850568, 0.2818238527368776, -0.9377275550671039
2.125680641074835, 1868.7255354980894, -0.10460046366942283, 0.286164038042937, -0.9524541363022688
2.125720641074835, 1868.7607002448415, -0.0052719344278939345, 0.2904954922506186, -0.9568618345772745
2.1257606410748346, 1868.7958649915938, 0.09382496635710239, 0.29481808320378, -0.9509359429742863
2.1258006410748345, 1868.8310297383462, 0.19161806530625417, 0.2991316790167048, -0.9347741701344463
2.1258406410748343, 1868.8661944850983, 0.28705320625181874, 0.3034361480781273, -0.9085851383735378
2.125880641074834, 1868.9013592318506, 0.37910568581293413, 0.3077313590552437, -0.8726856718506258
2.125920641074834, 1868.9365239786027, 0.4667913175861441, 0.3120171808977228, -0.8274969101030147
2.1259606410748337, 1868.971688725355, 0.5491770048070042, 0.3162934828417053, -0.7735392950902592
2.1260006410748336, 1869.0068534721074, 0.6253907073582502, 0.3205601344137888, -0.7114264921191864
2.1260406410748334, 1869.0420182188595, 0.6946306962574932, 0.32481700543501263, -0.6418583165174762
2.126080641074833, 1869.0771829656119, 0.7561739971650442, 0.32906396602483, -0.5656127485608388
2.126120641074833, 1869.1123477123642, 0.8093839339101666, 0.3333008866050675, -0.4835371288240221
2.126160641074833, 1869.1475124591163, 0.853716693430422, 0.3375276379038812, -0.39653863471617645
2.1262006410748326, 1869.1826772058687, 0.8887268447325704, 0.341744090959701, -0.3055741463865722
2.1262406410748325, 1869.217841952621, 0.9140717563849863, 0.345950117125163, -0.2116396163708933
2.1262806410748323, 1869.2530066993731, 0.9295148695040412, 0.3501455880710368, -0.11575906222933036
2.126320641074832, 1869.2881714461255, 0.9349277960583249, 0.3543303757901412, -0.018973304958473297
2.126360641074832, 1869.3233361928778, 0.9302912254391128, 0.35850435260124724, 0.07767142189207972
2.1264006410748317, 1869.35850093963, 0.9156946354852185, 0.36266739115297614, 0.1731348667163142
2.1264406410748316, 1869.3936656863823, 0.8913348173570408, 0.36681936442768526, 0.26639403292623115
2.1264806410748314, 1869.4288304331344, 0.8575132366811788, 0.3709601457453408, 0.3564542075978701
2.126520641074831, 1869.4639951798868, 0.8146322660893601, 0.37508960876738534, 0.44235962606323836
2.126560641074831, 1869.499159926639, 0.763190336514071, 0.37920762750059267, 0.5232036575086029
2.126600641074831, 1869.5343246733912, 0.7037760662446776, 0.38331407630090825, 0.5981384025711274
2.1266406410748306, 1869.5694894201436, 0.6370614376660424, 0.38740882987728986, 0.6663836010289674
2.1266806410748305, 1869.604654166896, 0.5637941016796761, 0.39149176329552243, 0.7272347558682342
2.1267206410748303, 1869.639818913648, 0.4847888989383553, 0.3955627519820344, 0.7800703891857301
2.12676064107483, 1869.6749836604004, 0.4009186951134282, 0.39962167172769936, 0.8243583554405868
2.12680064107483, 1869.7101484071527, 0.31310463437636615, 0.4036683986916213, 0.8596611483833925
2.1268406410748297, 1869.7453131539048, 0.22230592104241112, 0.4077028094049168, 0.8856401494428046
2.1268806410748295, 1869.7804779006572, 0.12950924383820306, 0.41172478077448293, 0.9020587773054609
2.1269206410748294, 1869.8156426474095, 0.035717960475115385, 0.4157341900867484, 0.9087845107489643
2.126960641074829, 1869.8508073941616, -0.058058837891391726, 0.4197309150114214, 0.9057897693403346
2.127000641074829, 1869.885972140914, -0.15081726217089286, 0.42371483360522283, 0.8931516492525835
2.127040641074829, 1869.921136887666, -0.2415694414354707, 0.42768582431560226, 0.871050524038909
2.1270806410748286, 1869.9563016344184, -0.32935410230366535, 0.4316437659844505, 0.839767532597989
2.1271206410748285, 1869.9914663811708, -0.413246797667866, 0.4355885378517967, 0.7996809886287144
2.1271606410748283, 1870.0266311279229, -0.49236967541527726, 0.43952001955948866, 0.7512617574767961
2.127200641074828, 1870.0617958746752, -0.5659006835602944, 0.44343809115486865, 0.6950676572934726
2.127240641074828, 1870.0969606214276, -0.6330821150758991, 0.4473426330944336, 0.6317369517400524
2.1272806410748277, 1870.1321253681797, -0.693228403599373, 0.4512335262474793, 0.5619810109718789
2.1273206410748275, 1870.167290114932, -0.7457330899982555, 0.4551106518997377, 0.48657622622213026
2.1273606410748274, 1870.2024548616844, -0.7900748894115236, 0.4589738917569992, 0.40635527089123447
2.127400641074827, 1870.2376196084365, -0.8258227987156205, 0.4628231279487194, 0.3221978075549476
2.127440641074827, 1870.2727843551888, -0.8526401952853286, 0.46665824303161757, 0.23502074566933623
2.127480641074827, 1870.3079491019412, -0.8702878893001487, 0.4704791199932606, 0.14576815892330874
2.1275206410748266, 1870.3431138486933, -0.8786261035582034, 0.47428564225563, 0.055400974131865
2.1275606410748265, 1870.3782785954456, -0.8776153666694968, 0.4780776936786817, -0.0351134547471425
2.1276006410748263, 1870.4134433421978, -0.8673163174752272, 0.48185515856388933, -0.12481177346208619
2.127640641074826, 1870.44860808895, -0.8478884304467397, 0.4856179216577707, -0.2127449420005394
2.127680641074826, 1870.4837728357024, -0.8195876835254019, 0.48936586815541155, -0.2979883256902654
2.1277206410748257, 1870.5189375824546, -0.7827632012453584, 0.49309888370395943, -0.3796514550228782
2.1277606410748255, 1870.554102329207, -0.7378529169114784, 0.4968168544061208, -0.4568873507839952
2.1278006410748254, 1870.5892670759592, -0.68537830796788, 0.5005196668236315, -0.5289013166028753
2.127840641074825, 1870.6244318227114, -0.625938268378211, 0.504207207980717, -0.5949591075936298
2.127880641074825, 1870.6595965694637, -0.5602021907461686, 0.5078793653675425, -0.6543943912679266
2.127920641074825, 1870.694761316216, -0.4889023389417095, 0.5115360269436457, -0.7066154252647968
2.1279606410748246, 1870.7299260629682, -0.4128255990836993, 0.5151770811413516, -0.7511108855670036
2.1280006410748245, 1870.7650908097205, -0.33280470279337776, 0.5188024168691798, -0.78745478864821
2.1280406410748243, 1870.8002555564728, -0.24970902161696815, 0.5224119235152347, -0.815310461307368
2.128080641074824, 1870.835420303225, -0.16443503537447657, 0.526005490950576, -0.8344335226778937
2.128120641074824, 1870.8705850499773, -0.07789657989262697, 0.5295830095325827, -0.8446738539272227
2.1281606410748237, 1870.9057497967297, 0.008985018896418229, 0.5331443701082988, -0.8459765423630564
2.1282006410748235, 1870.9409145434818, 0.09529081716864601, 0.5366894640177595, -0.8383817979110025
2.1282406410748234, 1870.976079290234, 0.1801140252483191, 0.54021818309731, -0.8220238511000146
2.128280641074823, 1871.0112440369862, 0.2625695749813495, 0.5437304196829064, -0.7971288526647514
2.128320641074823, 1871.0464087837386, 0.3418033810648549, 0.5472260666133963, -0.7640118055287094
2.128360641074823, 1871.081573530491, 0.4170011991509611, 0.5507050172337923, -0.72307257015444
2.1284006410748226, 1871.116738277243, 0.4873969887605725, 0.5541671653985257, -0.6747909939290122
2.1284406410748224, 1871.1519030239954, 0.5522806952159437, 0.5576124054746828, -0.6197212242927276
2.1284806410748223, 1871.1870677707477, 0.6110053718523418, 0.5610406323452298, -0.5584852736237531
2.128520641074822, 1871.2222325174998, 0.6629935716128689, 0.5644517414122204, -0.49176591137670445
2.128560641074822, 1871.2573972642522, 0.7077429456726887, 0.5678456285999847, -0.4202989655650312
2.1286006410748217, 1871.2925620110045, 0.7448309958787346, 0.5712221903583068, -0.3448651213117917
2.1286406410748215, 1871.3277267577566, 0.7739189374221522, 0.5745813236655847, -0.2662813088187808
2.1286806410748214, 1871.362891504509, 0.7947546381726214, 0.5779229260319706, -0.18539177667935886
2.128720641074821, 1871.3980562512613, 0.8071746113825738, 0.5812468955025009, -0.10305894895719489
2.128760641074821, 1871.4332209980134, 0.8111050488997508, 0.5845531306602063, -0.020154165855209863
2.128800641074821, 1871.4683857447658, 0.8065618924925911, 0.5878415306292031, 0.06245159189779374
2.1288406410748206, 1871.503550491518, 0.7936499512795643, 0.5911119950777779, 0.14389689560280558
2.1288806410748204, 1871.5387152382702, 0.7725610834478702, 0.5943644242214399, 0.2233388806065444
2.1289206410748203, 1871.5738799850226, 0.743571470339268, 0.5975987188259736, 0.2999619831924528
2.12896064107482, 1871.6090447317747, 0.7070380204662935, 0.6008147802104621, 0.3729863116542056
2.12900064107482, 1871.644209478527, 0.6633939500012783, 0.6040125102502968, 0.44167556569444727
2.1290406410748197, 1871.6793742252794, 0.6131435946608713, 0.607191811380174, 0.5053444240060181
2.1290806410748195, 1871.7145389720315, 0.5568565156051715, 0.6103525865970728, 0.5633653264146217
2.1291206410748194, 1871.7497037187838, 0.4951609689066473, 0.6134947394632101, 0.6151745842104823
2.129160641074819, 1871.7848684655362, 0.4287368142525616, 0.6166181741089866, 0.6602777601846676
2.129200641074819, 1871.8200332122883, 0.35830794376843267, 0.6197227952359127, 0.6982542683200518
2.129240641074819, 1871.8551979590407, 0.2846343161422271, 0.6228085081195117, 0.7287611519690922
2.1292806410748186, 1871.890362705793, 0.20850368455351007, 0.6258752186122136, 0.7515360085786098
2.1293206410748184, 1871.925527452545, 0.13072310924380157, 0.6289228331462284, 0.7663990384910183
2.1293606410748183, 1871.9606921992975, 0.052110346890132386, 0.6319512587363965, 0.7732542049558919
2.129400641074818, 1871.9958569460496, -0.026514790739157565, 0.634960402983029, 0.7720895021192169
2.129440641074818, 1872.031021692802, -0.10433901705025805, 0.6379501740747283, 0.7629763373149654
2.1294806410748177, 1872.0661864395543, -0.18056399967865305, 0.640920480791185, 0.7460680433616931
2.1295206410748175, 1872.1013511863064, -0.25441455081384823, 0.6438712325059642, 0.7215975456659326
2.1295606410748174, 1872.1365159330587, -0.32514649479902263, 0.646802339189271, 0.6898742176588516
2.129600641074817, 1872.171680679811, -0.392054133395072, 0.6497137114106942, 0.6512799663528308
2.129640641074817, 1872.2068454265632, -0.4544772342851342, 0.652605260341938, 0.6062645975165152
2.129680641074817, 1872.2420101733155, -0.5118074743179534, 0.6554768977595318, 0.5553405170538339
2.1297206410748166, 1872.2771749200679, -0.5634942755727171, 0.6583285360475196, 0.49907683156562405
2.1297606410748164, 1872.31233966682, -0.6090499794943377, 0.6611600882001359, 0.43809291671155587
2.1298006410748163, 1872.3475044135723, -0.6480543120113285, 0.6639714678244603, 0.37305152682388937
2.129840641074816, 1872.3826691603247, -0.6801581006189592, 0.6667625891430504, 0.30465152321145483
2.129880641074816, 1872.4178339070768, -0.7050862127955143, 0.6695333669965621, 0.23362030170034842
2.1299206410748157, 1872.4529986538291, -0.7226396937243758, 0.6722837168463476, 0.16070600216543268
2.1299606410748155, 1872.4881634005812, -0.732697090023356, 0.675013554777031, 0.08666958410217421
2.1300006410748153, 1872.5233281473336, -0.7352149549392775, 0.6777227974990759, 0.012276852670189659
2.130040641074815, 1872.558492894086, -0.730227539155438, 0.6804113623513179, -0.06170948088328597
2.130080641074815, 1872.593657640838, -0.7178456798894699, 0.6830791673034947, -0.13453762192180366
2.130120641074815, 1872.6288223875904, -0.6982549092397073, 0.6857261309587442, -0.20547431801069882
2.1301606410748146, 1872.6639871343427, -0.6717128106837825, 0.6883521725560873, -0.27381221026279146
2.1302006410748144, 1872.6991518810948, -0.6385456601632357, 0.6909572119728945, -0.3388768371694788
2.1302406410748143, 1872.7343166278472, -0.5991443952275184, 0.6935411697273317, -0.4000332222408843
2.130280641074814, 1872.7694813745995, -0.5539599621914634, 0.6961039669807804, -0.4566919820361116
2.130320641074814, 1872.8046461213517, -0.5034980971208138, 0.698645525540247, -0.5083148970201594
2.1303606410748137, 1872.839810868104, -0.4483136016472593, 0.7011657678607492, -0.5544198940659301
2.1304006410748135, 1872.8749756148563, -0.3890041790821266, 0.7036646170476779, -0.5945853962516955
2.1304406410748133, 1872.9101403616085, -0.3262039000095993, 0.7061419968591464, -0.6284540028063215
2.130480641074813, 1872.9453051083608, -0.260576369468106, 0.7085978317083175, -0.6557354695437749
2.130520641074813, 1872.980469855113, -0.19280766995313292, 0.7110320466657056, -0.6762089678204255
2.130560641074813, 1873.0156346018653, -0.12359915578617599, 0.7134445674614666, -0.6897246078580607
2.1306006410748126, 1873.0507993486176, -0.0536601748918112, 0.7158353204876635, -0.6962042201172227
2.1306406410748124, 1873.0859640953697, 0.016299206284394213, 0.7182042328005102, -0.6956413961953133
2.1306806410748123, 1873.121128842122, 0.08557540008378123, 0.7205512321225984, -0.6881007983797924
2.130720641074812, 1873.1562935888744, 0.1534783443998079, 0.7228762468451042, -0.6737167544295138
2.130760641074812, 1873.1914583356265, 0.21933832872997927, 0.7251792060299695, -0.6526911613111667
2.1308006410748117, 1873.2266230823789, 0.2825125326350372, 0.7274600394120695, -0.6252907284118313
2.1308406410748115, 1873.2617878291312, 0.3423912136636967, 0.7297186774013559, -0.5918435971168479
2.1308806410748113, 1873.2969525758833, 0.39840348633289463, 0.7319550510849783, -0.5527353795242949
2.130920641074811, 1873.3321173226357, 0.45002263882093274, 0.7341690922293889, -0.5084046644095098
2.130960641074811, 1873.367282069388, 0.4967709395711897, 0.7363607332824244, -0.45933804330822586
2.131000641074811, 1873.4024468161401, 0.5382238919504738, 0.7385299073753647, -0.40606471371508046
2.1310406410748106, 1873.4376115628925, 0.5740139013886753, 0.7406765483249755, -0.34915071986310653
2.1310806410748104, 1873.4727763096446, 0.6038333259729821, 0.7428005906355277, -0.28919289433464324
2.1311206410748103, 1873.507941056397, 0.627436888206926, 0.7449019695007919, -0.2268125658379484
2.13116064107481, 1873.5431058031493, 0.6446434324976505, 0.7469806208060231, -0.1626490998575938
2.13120064107481, 1873.5782705499014, 0.6553370198300875, 0.7490364811299088, -0.0973533395492678
2.1312406410748097, 1873.6134352966537, 0.6594673579510651, 0.7510694877465086, -0.03158101420705199
2.1312806410748095, 1873.648600043406, 0.6570495721486731, 0.7530795786271689, 0.03401381810245416
2.1313206410748093, 1873.6837647901582, 0.6481633283036926, 0.7550666924424108, 0.09878522854897301
2.131360641074809, 1873.7189295369105, 0.6329513262451394, 0.757030768563805, 0.16210171304720725
2.131400641074809, 1873.7540942836629, 0.6116171874994434, 0.7589717470658229, 0.22335226477823522
2.131440641074809, 1873.789259030415, 0.5844227672253158, 0.7608895687276598, 0.2819521664621301
2.1314806410748086, 1873.8244237771673, 0.5516849254218087, 0.7627841750350457, 0.33734844887053445
2.1315206410748084, 1873.8595885239197, 0.5137717973388414, 0.7646555081820318, 0.38902496629345434
2.1315606410748082, 1873.8947532706718, 0.471098607366577, 0.7665035110727489, 0.43650704432205584
2.131600641074808, 1873.9299180174241, 0.4241230744977754, 0.7683281273231544, 0.47936566032208805
2.131640641074808, 1873.9650827641763, 0.37334046071732196, 0.7701293012627518, 0.5172211222915237
2.1316806410748077, 1874.0002475109286, 0.31927831635357456, 0.771906977936286, 0.5497462173599951
2.1317206410748075, 1874.035412257681, 0.2624909785117749, 0.7736611031054236, 0.5766688069342988
2.1317606410748073, 1874.070577004433, 0.203553880191948, 0.7753916232504074, 0.5977738513609224
2.131800641074807, 1874.1057417511854, 0.14305772857025004, 0.7770984855716869, 0.6129048529006197
2.131840641074807, 1874.1409064979377, 0.08160261119795773, 0.7787816379915313, 0.6219647117298717
2.131880641074807, 1874.1760712446899, 0.019792088556716478, 0.7804410291556192, 0.6249159955395042
2.1319206410748066, 1874.2112359914422, -0.04177266948141183, 0.7820766084346021, 0.6217806290337503
2.1319606410748064, 1874.2464007381946, -0.10249864718313323, 0.7836883259256523, 0.61263901518836
2.1320006410748062, 1874.2815654849467, -0.16180659233427658, 0.7852761324539852, 0.5976286054519373
2.132040641074806, 1874.316730231699, -0.21913641979461934, 0.7868399795743574, 0.5769419411221148
2.132080641074806, 1874.3518949784514, -0.2739523604690638, 0.7883798195725468, 0.5508241928532234
2.1321206410748057, 1874.3870597252035, -0.3257478102728492, 0.7898956054668089, 0.5195702296150589
2.1321606410748055, 1874.4222244719558, -0.3740498373783018, 0.7913872910093076, 0.4835212523881452
2.1322006410748053, 1874.457389218708, -0.4184233100684953, 0.7928548306875286, 0.44306103141958575
2.132240641074805, 1874.4925539654603, -0.45847461184108623, 0.7942981797256683, 0.3986117889504656
2.132280641074805, 1874.5277187122126, -0.49385491495388806, 0.7957172940859959, 0.35062977194125056
2.132320641074805, 1874.5628834589647, -0.524262988331877, 0.7971121304702048, 0.29960056145163616
2.1323606410748046, 1874.598048205717, -0.5494475206123375, 0.798482646320725, 0.24603416696711725
2.1324006410748044, 1874.6332129524694, -0.5692089440398409, 0.7998287998220267, 0.19045995510245484
2.1324406410748042, 1874.6683776992215, -0.5834007498856673, 0.8011505499018967, 0.1334214627540768
2.132480641074804, 1874.7035424459739, -0.5919302910080743, 0.8024478562326869, 0.07547114492561391
2.132520641074804, 1874.7387071927262, -0.5947590720432154, 0.8037206792325488, 0.017165107124624747
2.1325606410748037, 1874.7738719394783, -0.5919025324763865, 0.8049689800666415, -0.04094212856013471
2.1326006410748035, 1874.8090366862307, -0.5834293324468868, 0.8061927206483127, -0.09830277582299893
2.1326406410748033, 1874.844201432983, -0.5694601555473452, 0.8073918636402638, -0.15438080871985782
2.132680641074803, 1874.8793661797351, -0.5501660470533446, 0.8085663724556904, -0.2086568142759276
2.132720641074803, 1874.9145309264875, -0.5257663099283457, 0.8097162112593935, -0.26063263134245374
2.132760641074803, 1874.9496956732398, -0.49652598456282043, 0.8108413449688774, -0.3098357366557816
2.1328006410748026, 1874.984860419992, -0.46275294149961965, 0.8119417392554201, -0.3558233420805872
2.1328406410748024, 1875.0200251667443, -0.4247946193481609, 0.8130173605451168, -0.39818617030549447
2.1328806410748022, 1875.0551899134964, -0.38303444268046355, 0.8140681760199073, -0.43655187976604665
2.132920641074802, 1875.0903546602487, -0.3378879569189116, 0.8150941536185787, -0.47058811325850003
2.132960641074802, 1875.125519407001, -0.2897987190592669, 0.8160952620377393, -0.5000051485391896
2.1330006410748017, 1875.1606841537532, -0.23923398451743186, 0.8170714707327769, -0.5245581331393044
2.1330406410748015, 1875.1958489005056, -0.18668023144312995, 0.8180227499187906, -0.5440488896253048
2.1330806410748013, 1875.231013647258, -0.13263856451002737, 0.8189490705714976, -0.558327281563119
2.133120641074801, 1875.26617839401, -0.07762004047549739, 0.8198504044281203, -0.5672921344630343
2.133160641074801, 1875.3013431407624, -0.022140957713171518, 0.8207267239882495, -0.5708917099567266
2.133200641074801, 1875.3365078875147, 0.033281848530409275, 0.8215780025146807, -0.5691237353546232
2.1332406410748006, 1875.3716726342668, 0.08813566420245889, 0.8224042140342318, -0.5620349945193488
2.1332806410748004, 1875.4068373810192, 0.1419164680095785, 0.8232053333385365, -0.5497204896401152
2.1333206410748002, 1875.4420021277715, 0.1941333780961378, 0.823981335984809, -0.5323221869766696
2.1333606410748, 1875.4771668745236, 0.2443129371755804, 0.8247321982965976, -0.5100273629354487
2.1334006410748, 1875.512331621276, 0.29200320144625685, 0.8254578973644976, -0.4830665699233156
2.1334406410747997, 1875.547496368028, 0.3367776008552545, 0.8261584110468588, -0.4517112442764164
2.1334806410747995, 1875.5826611147804, 0.37823854072039, 0.8268337179704565, -0.4162709811673885
2.1335206410747993, 1875.6178258615328, 0.4160207173556675, 0.8274837975311424, -0.3770905037395109
2.133560641074799, 1875.6529906082849, 0.4497941231422807, 0.8281086298944768, -0.3345463557909132
2.133600641074799, 1875.6881553550372, 0.4792667194186601, 0.8287081959963333, -0.2890433491274251
2.133640641074799, 1875.7233201017896, 0.5041867586021931, 0.8292824775434772, -0.2410107982135563
2.1336806410747986, 1875.7584848485417, 0.524344740075442, 0.8298314570141266, -0.1908985759744287
2.1337206410747984, 1875.793649595294, 0.5395749875449406, 0.8303551176584884, -0.13917302553664146
2.1337606410747982, 1875.8288143420464, 0.5497568387855134, 0.8308534434992637, -0.08631276334451707
2.133800641074798, 1875.8639790887985, 0.5548154418930825, 0.8313264193321407, -0.032804409453639806
2.133840641074798, 1875.8991438355508, 0.5547221553607421, 0.8317740307262579, 0.020861719108371354
2.1338806410747977, 1875.9343085823032, 0.5494945524441217, 0.8321962640246404, 0.07419591620610476
2.1339206410747975, 1875.9694733290553, 0.5391960333717436, 0.8325931063446208, 0.12671336042139275
2.1339606410747973, 1876.0046380758076, 0.5239350519646104, 0.8329645455782322, 0.17793832026958356
2.134000641074797, 1876.0398028225597, 0.5038639661382389, 0.8333105703925735, 0.22740825717189145
2.134040641074797, 1876.074967569312, 0.4791775245529546, 0.8336311702301593, 0.27467779371032397
2.134080641074797, 1876.1101323160644, 0.4501110043391254, 0.8339263353092418, 0.3193225160673004
2.1341206410747966, 1876.1452970628166, 0.41693801733900626, 0.8341960566241059, 0.3609425811276
2.1341606410747964, 1876.180461809569, 0.37996800466345737, 0.8344403259453474, 0.3991661004810884
2.1342006410747962, 1876.2156265563212, 0.3395434415487839, 0.8346591358201236, 0.4336522754957382
2.134240641074796, 1876.2507913030734, 0.2960367765063459, 0.8348524795723782, 0.46409425971638346
2.134280641074796, 1876.2859560498257, 0.24984713057680819, 0.8350203513030474, 0.4902217270698096
2.1343206410747957, 1876.321120796578, 0.20139678412454526, 0.8351627458902404, 0.5118031267054917
2.1343606410747955, 1876.3562855433302, 0.15112748002945678, 0.8352796589893927, 0.5286476077577008
2.1344006410747953, 1876.3914502900825, 0.09949657334812964, 0.8353710870334011, 0.5406065998630145
2.134440641074795, 1876.4266150368348, 0.0469730585197474, 0.835437027232733, 0.547575037891767
2.134480641074795, 1876.461779783587, -0.0059664940188471904, 0.8354774775755075, 0.5494922220369357
2.1345206410747948, 1876.4969445303393, -0.0588420593722579, 0.8354924368275639, 0.5463423071337793
2.1345606410747946, 1876.5321092770914, -0.11117430508903348, 0.8354819045324908, 0.5381544178428805
2.1346006410747944, 1876.5672740238438, -0.16248873050150686, 0.8354458810116481, 0.5250023891024755
2.1346406410747942, 1876.602438770596, -0.21231976566028443, 0.8353843673641521, 0.5070041340281793
2.134680641074794, 1876.6376035173482, -0.2602147973217797, 0.835297365466842, 0.48432064419392745
2.134720641074794, 1876.6727682641006, -0.30573808996429896, 0.8351848779742247, 0.45715462995236505
2.1347606410747937, 1876.707933010853, -0.34847457053891157, 0.8350469083183948, 0.42574881113093366
2.1348006410747935, 1876.743097757605, -0.3880334466024506, 0.8348834607089255, 0.39038387105664374
2.1348406410747933, 1876.7782625043574, -0.4240516286274845, 0.8346945401327437, 0.35137608940315773
2.134880641074793, 1876.8134272511097, -0.45619692863323025, 0.8344801523539788, 0.3090746718036611
2.134920641074793, 1876.8485919978618, -0.4841710088264178, 0.8342403039137821, 0.26385879651731003
2.1349606410747928, 1876.8837567446142, -0.5077120556755175, 0.8339750021301314, 0.2161344006613194
2.1350006410747926, 1876.9189214913665, -0.5265971567580736, 0.833684255097608, 0.16633073061060732
2.1350406410747924, 1876.9540862381186, -0.5406443598105651, 0.8333680716871453, 0.11489668310804645
2.1350806410747922, 1876.989250984871, -0.5497143956637197, 0.8330264615457622, 0.062296965406841674
2.135120641074792, 1877.024415731623, -0.5537120491529754, 0.8326594350962692, 0.009008104368690803
2.135160641074792, 1877.0595804783754, -0.5525871646419348, 0.832267003536946, -0.044485664146145354
2.1352006410747917, 1877.0947452251278, -0.5463352754732546, 0.8318491788412038, -0.09769659305068443
2.1352406410747915, 1877.12990997188, -0.5349978494523802, 0.8314059737572198, -0.15013767542338047
2.1352806410747913, 1877.1650747186322, -0.5186621453593278, 0.8309374018075456, -0.2013269152096992
2.135320641074791, 1877.2002394653846, -0.4974606784557762, 0.8304434772886968, -0.2507915823896125
2.135360641074791, 1877.2354042121367, -0.47157029599121647, 0.8299242152707171, -0.29807241748127217
2.1354006410747908, 1877.270568958889, -0.4412108667936762, 0.8293796315967162, -0.34272775021968016
2.1354406410747906, 1877.3057337056414, -0.4066435921374072, 0.8288097428823884, -0.38433749747969087
2.1354806410747904, 1877.3408984523935, -0.3681689481906144, 0.828214566515506, -0.4225070060108926
2.1355206410747902, 1877.3760631991458, -0.3261242734384412, 0.8275941206553861, -0.4568707063218646
2.13556064107479, 1877.4112279458982, -0.28088101752683775, 0.8269484242323394, -0.48709554509529546
2.13560064107479, 1877.4463926926503, -0.2328416709576847, 0.8262774969470922, -0.5128841648338962
2.1356406410747897, 1877.4815574394026, -0.18243639796000471, 0.8255813592701817, -0.5339778010282004
2.1356806410747895, 1877.5167221861548, -0.13011939764131256, 0.8248600324413391, -0.5501588689973151
2.1357206410747893, 1877.551886932907, -0.07636502116191021, 0.8241135384688321, -0.5612532146763873
2.135760641074789, 1877.5870516796595, -0.021663675147951054, 0.8233419001288017, -0.5671320060011096
2.135800641074789, 1877.6222164264116, 0.03348245615857858, 0.8225451409645631, -0.5677132441592639
2.1358406410747888, 1877.657381173164, 0.0885638354477631, 0.8217232852858859, -0.5629628768280959
2.1358806410747886, 1877.6925459199163, 0.14306810719432878, 0.8208763581682555, -0.5528954985783006
2.1359206410747884, 1877.7277106666684, 0.1964847048554752, 0.820004385452109, -0.5375746268817334
2.1359606410747882, 1877.7628754134207, 0.2483094911716565, 0.8191073937420417, -0.5171125455893543
2.136000641074788, 1877.798040160173, 0.2980493913482464, 0.8181854104059998, -0.4916697113246744
2.136040641074788, 1877.8332049069252, 0.3452269782374736, 0.8172384635744456, -0.4614537219400911
2.1360806410747877, 1877.8683696536775, 0.38938496831846353, 0.8162665821394951, -0.4267178499805779
2.1361206410747875, 1877.9035344004299, 0.4300905873020777, 0.8152697957540399, -0.3877591479609785
2.1361606410747873, 1877.938699147182, 0.4669397645772855, 0.8142481348308434, -0.34491613615748923
2.136200641074787, 1877.9738638939343, 0.4995611164747102, 0.8132016305416082, -0.29856608750695146
2.136240641074787, 1878.0090286406864, 0.5276196794553843, 0.8121303148160294, -0.24912192806425773
2.1362806410747868, 1878.0441933874388, 0.5508203558399181, 0.8110342203408198, -0.1970287752523657
2.1363206410747866, 1878.0793581341911, 0.568911036572809, 0.8099133805587102, -0.1427601398142151
2.1363606410747864, 1878.1145228809432, 0.5816853677625452, 0.8087678296674309, -0.08681382090409401
2.136400641074786, 1878.1496876276956, 0.5889851303407324, 0.8075976026186691, -0.029707527100509556
2.136440641074786, 1878.184852374448, 0.5907022051289864, 0.8064027351169998, 0.02802574075339123
2.136480641074786, 1878.2200171212, 0.5867800988733152, 0.8051832636187984, 0.08584250610824687
2.1365206410747857, 1878.2551818679524, 0.5772150103808243, 0.8039392253311294, 0.1431937913157488
2.1365606410747855, 1878.2903466147047, 0.5620564197476251, 0.8026706582106075, 0.1995302066825215
2.1366006410747853, 1878.3255113614568, 0.5414071877710094, 0.8013776009622429, 0.2543071084712839
2.136640641074785, 1878.3606761082092, 0.5154231569610069, 0.80006009303826, 0.3069897788364649
2.136680641074785, 1878.3958408549615, 0.4843122500706688, 0.7987181746368913, 0.35705857957707604
2.1367206410747848, 1878.4310056017137, 0.4483330667122208, 0.7973518867011534, 0.40401403091666793
2.1367606410747846, 1878.466170348466, 0.4077929833762226, 0.7959612709175977, 0.44738176629726184
2.1368006410747844, 1878.501335095218, 0.36304576697922675, 0.7945463697150349, 0.486717314415832
2.136840641074784, 1878.5364998419705, 0.314488716886406, 0.7931072262632477, 0.5216106604485395
2.136880641074784, 1878.5716645887228, 0.26255935514186496, 0.7916438844716657, 0.5516905396053726
2.136920641074784, 1878.606829335475, 0.207731689342331, 0.7901563889880302, 0.5766284178368964
2.1369606410747837, 1878.6419940822273, 0.15051207716060988, 0.7886447851970328, 0.5961421166717815
2.1370006410747835, 1878.6771588289796, 0.0914347259142988, 0.7871091192189262, 0.6099990417893894
2.1370406410747833, 1878.7123235757317, 0.03105686473402662, 0.7855494379081206, 0.6180189780118519
2.137080641074783, 1878.747488322484, -0.030046369233922114, 0.7839657888517549, 0.6200764169154905
2.137120641074783, 1878.7826530692364, -0.09128728559965191, 0.7823582203682408, 0.6161023871875035
2.1371606410747828, 1878.8178178159885, -0.15207118829803348, 0.7807267815057914, 0.6060857621611873
2.1372006410747826, 1878.8529825627409, -0.21180206499804544, 0.7790715220409264, 0.5900740236172793
2.1372406410747824, 1878.8881473094932, -0.269888365069432, 0.7773924924769482, 0.5681734659012979
2.137280641074782, 1878.9233120562453, -0.32574881097825364, 0.7756897440424049, 0.5405488296337981
2.137320641074782, 1878.9584768029977, -0.378818186652278, 0.7739633286895283, 0.5074223597350918
2.137360641074782, 1878.9936415497498, -0.4285530455665539, 0.772213299092644, 0.4690722880973037
2.1374006410747817, 1879.0288062965021, -0.4744372810698388, 0.7704397086465682, 0.4258307469608117
2.1374406410747815, 1879.0639710432545, -0.51598750181935, 0.7686426114649788, 0.3780811248326487
2.1374806410747813, 1879.0991357900066, -0.5527581561242072, 0.7668220623787612, 0.3262548825627175
2.137520641074781, 1879.134300536759, -0.584346350520685, 0.7649781169343377, 0.27082785290970013
2.137560641074781, 1879.1694652835113, -0.610396310012531, 0.7631108313919736, 0.21231605252147753
2.1376006410747808, 1879.2046300302634, -0.6306034300981991, 0.7612202627240572, 0.1512710406636401
2.1376406410747806, 1879.2397947770157, -0.6447178739586464, 0.7593064686133647, 0.08827486419374338
2.1376806410747804, 1879.274959523768, -0.652547671972699, 0.7573695074512999, 0.02393463313893722
2.13772064107478, 1879.3101242705202, -0.6539612850337776, 0.7554094383361105, -0.04112322426704451
2.13776064107478, 1879.3452890172725, -0.6488895979278222, 0.7534263210710868, -0.10625897414977425
2.13780064107478, 1879.3804537640249, -0.6373273142573842, 0.7514202161627376, -0.1708258006117419
2.1378406410747797, 1879.415618510777, -0.6193337300151693, 0.7493911848189416, -0.23417618075336646
2.1378806410747795, 1879.4507832575293, -0.5950328688707067, 0.7473392889470822, -0.2956683489115542
2.1379206410747793, 1879.4859480042817, -0.5646129684803315, 0.7452645911521587, -0.35467278599038077
2.137960641074779, 1879.5211127510338, -0.5283253136029342, 0.7431671547348724, -0.4105786684495015
2.138000641074779, 1879.5562774977861, -0.4864824184379075, 0.7410470436897026, -0.46280021086405354
2.1380406410747788, 1879.5914422445383, -0.43945556733021646, 0.7389043227029464, -0.5107828359951804
2.1380806410747786, 1879.6266069912906, -0.3876717297407931, 0.7367390571507488, -0.5540091070257377
2.1381206410747784, 1879.661771738043, -0.3316098720872061, 0.7345513130971099, -0.5920043580272825
2.138160641074778, 1879.696936484795, -0.27179669564731546, 0.7323411572918634, -0.6243419608302664
2.138200641074778, 1879.7321012315474, -0.2088018361148825, 0.7301086571686453, -0.6506481692602796
2.138240641074778, 1879.7672659782997, -0.14323256652889277, 0.7278538808428358, -0.6706064851623731
2.1382806410747777, 1879.8024307250519, -0.07572805109714575, 0.7255768971094775, -0.6839614947382946
2.1383206410747775, 1879.8375954718042, -0.006953202831232422, 0.7232777754411795, -0.6905221284358933
2.1383606410747773, 1879.8727602185566, 0.062407797160886874, 0.7209565859859993, -0.6901643029166746
2.138400641074777, 1879.9079249653087, 0.13165825647819365, 0.7186133995652969, -0.6828329094400309
2.138440641074777, 1879.943089712061, 0.20009593826452962, 0.7162482876715787, -0.6685431192880554
2.1384806410747768, 1879.9782544588134, 0.26702016884204105, 0.7138613224663165, -0.6473809835538822
2.1385206410747766, 1880.0134192055655, 0.3317390144055592, 0.7114525767777414, -0.619503311664253
2.1385606410747764, 1880.0485839523178, 0.3935764532688458, 0.7090221240986258, -0.5851368203336464
2.138600641074776, 1880.08374869907, 0.4518794691317601, 0.7065700385840405, -0.544576552178614
2.138640641074776, 1880.1189134458223, 0.5060249905918874, 0.7040963950490902, -0.4981835708790838
2.138680641074776, 1880.1540781925746, 0.5554266026707633, 0.7016012689666323, -0.44638194747774934
2.1387206410747757, 1880.1892429393267, 0.5995409574708473, 0.6990847364649753, -0.38965506007671963
2.1387606410747755, 1880.224407686079, 0.6378738132234201, 0.6965468743255526, -0.32854123673877167
2.1388006410747753, 1880.2595724328314, 0.669985633919404, 0.693987759980583, -0.2636287787451196
2.138840641074775, 1880.2947371795835, 0.6954966854157641, 0.691407471510708, -0.1955504084196969
2.138880641074775, 1880.3299019263359, 0.7140915683517013, 0.6888060876426069, -0.12497719242038492
2.1389206410747748, 1880.3650666730882, 0.725523133354882, 0.686183687746597, -0.052611997641974675
2.1389606410747746, 1880.4002314198403, 0.7296157298236174, 0.6835403518342129, 0.0208174574009303
2.1390006410747744, 1880.4353961665927, 0.7262677459832904, 0.6808761605557605, 0.0945658877106716
2.139040641074774, 1880.470560913345, 0.7154534048740316, 0.6781911951978643, 0.16787799098650052
2.139080641074774, 1880.5057256600971, 0.6972237883642817, 0.6754855376809779, 0.2399961846101618
2.139120641074774, 1880.5408904068495, 0.6717070691275068, 0.672759270556893, 0.3101684512049027
2.1391606410747737, 1880.5760551536016, 0.6391079386877295, 0.670012477006216, 0.3776562113519166
2.1392006410747735, 1880.611219900354, 0.5997062280492038, 0.6672452408358293, 0.44174214071083506
2.1392406410747733, 1880.6463846471063, 0.5538547259884232, 0.6644576464763366, 0.5017378483270281
2.139280641074773, 1880.6815493938584, 0.5019762087113406, 0.6616497789794885, 0.5569913333358272
2.139320641074773, 1880.7167141406107, 0.44455970317185456, 0.6588217240155823, 0.6068941386004637
2.1393606410747728, 1880.751878887363, 0.3821560148149173, 0.6559735678708519, 0.650888122044785
2.1394006410747726, 1880.7870436341152, 0.31537255875463366, 0.6531053974448364, 0.6884717695520575
2.1394406410747724, 1880.8222083808676, 0.24486754133111815, 0.6502173002477237, 0.7192059772755952
2.139480641074772, 1880.85737312762, 0.17134354651847905, 0.6473093643976846, 0.7427192360140168
2.139520641074772, 1880.892537874372, 0.09554058869205821, 0.6443816786181846, 0.758712155902409
2.139560641074772, 1880.9277026211244, 0.018228699722200495, 0.6414343322352729, 0.7669612760098183
2.1396006410747717, 1880.9628673678767, -0.059799875834204014, 0.6384674151748603, 0.7673221104537552
2.1396406410747715, 1880.9980321146288, -0.1377387985967923, 0.6354810179599764, 0.7597313902758559
2.1396806410747713, 1881.0331968613812, -0.21477598214828592, 0.632475231708003, 0.744208468493679
2.139720641074771, 1881.0683616081333, -0.29010208418011896, 0.6294501481278985, 0.7208558643691468
2.139760641074771, 1881.1035263548856, -0.36291905189841295, 0.6264058595173989, 0.6898589319254882
2.1398006410747707, 1881.138691101638, -0.4324486309955289, 0.6233424587601998, 0.6514846470074864
2.1398406410747706, 1881.17385584839, -0.4979407468640975, 0.6202600393231239, 0.6060795166159985
2.1398806410747704, 1881.2090205951424, -0.558681667088907, 0.6171586952532703, 0.5540666237554515
2.13992064107477, 1881.2441853418948, -0.6140018556055653, 0.6140385211751419, 0.4959418305085593
2.13996064107477, 1881.2793500886469, -0.6632834312608238, 0.6108996122877612, 0.43226917139113086
2.14000064107477, 1881.3145148353992, -0.7059671468341312, 0.6077420643617656, 0.363675478137017
2.1400406410747697, 1881.3496795821516, -0.7415588088585211, 0.6045659737364827, 0.290844285815803
2.1400806410747695, 1881.3848443289037, -0.7696350637755794, 0.6013714373169935, 0.21450907849319883
2.1401206410747693, 1881.420009075656, -0.7898484820276, 0.598158552571176, 0.13544594040930788
2.140160641074769, 1881.4551738224084, -0.8019318785733468, 0.5949274175267274, 0.0544656857810482
2.140200641074769, 1881.4903385691605, -0.8057018159456318, 0.5916781307681803, -0.027594453254103368
2.1402406410747687, 1881.5255033159128, -0.8010612442736146, 0.5884107914338864, -0.10987949542430143
2.1402806410747686, 1881.560668062665, -0.7880012415861549, 0.5851254992129995, -0.19152564596944718
2.1403206410747684, 1881.5958328094173, -0.7666018271033019, 0.5818223543424293, -0.2716694054686381
2.140360641074768, 1881.6309975561696, -0.7370318300126731, 0.5785014576037826, -0.3494567553468291
2.140400641074768, 1881.6661623029217, -0.699547806312417, 0.5751629103202904, -0.424052321762368
2.140440641074768, 1881.701327049674, -0.6544920065743025, 0.5718068143537183, -0.4946484188392823
2.1404806410747677, 1881.7364917964264, -0.6022894078276646, 0.5684332721012529, -0.5604738725485068
2.1405206410747675, 1881.7716565431786, -0.5434438330737662, 0.5650423864923826, -0.6208025279685243
2.1405606410747673, 1881.806821289931, -0.47853319209611317, 0.5616342609857566, -0.6749613451640044
2.140600641074767, 1881.8419860366832, -0.40820388712127403, 0.5582089995660249, -0.7223379924945847
2.140640641074767, 1881.8771507834354, -0.3331644363945147, 0.5547667067406686, -0.7623878507765595
2.1406806410747667, 1881.9123155301877, -0.25417837775573726, 0.5513074875368127, -0.7946403473276664
2.1407206410747666, 1881.94748027694, -0.172056522728812, 0.5478314474980165, -0.8187045454774354
2.1407606410747664, 1881.9826450236922, -0.08764863937194932, 0.5443386926810576, -0.834273922559708
2.140800641074766, 1882.0178097704445, -0.0018346490854721231, 0.5408293296526966, -0.8411302776464793
2.140840641074766, 1882.0529745171966, 0.08448457134868845, 0.537303465486421, -0.8391467192497394
2.140880641074766, 1882.088139263949, 0.17039668609030723, 0.5337612077591826, -0.8282896928182356
2.1409206410747657, 1882.1233040107013, 0.2549875944034845, 0.5302026645481147, -0.808620017988742
2.1409606410747655, 1882.1584687574534, 0.3373512190856544, 0.5266279444272324, -0.7802929161091456
2.1410006410747653, 1882.1936335042058, 0.41659928365346244, 0.5230371564641215, -0.743557019420354
2.141040641074765, 1882.228798250958, 0.4918709719843621, 0.5194304102166118, -0.6987523643479454
2.141080641074765, 1882.2639629977102, 0.56234236448571, 0.5158078157294314, -0.64630738249153
2.1411206410747647, 1882.2991277444626, 0.6272355464074152, 0.5121694835308512, -0.5867349139869042
2.1411606410747646, 1882.334292491215, 0.6858272866235632, 0.5085155246293138, -0.5206272788295762
2.1412006410747644, 1882.369457237967, 0.7374571890634407, 0.504846050510043, -0.4486504523651643
2.141240641074764, 1882.4046219847194, 0.7815352239406281, 0.5011611731316452, -0.3715374013517839
2.141280641074764, 1882.4397867314717, 0.817548551965111, 0.49746100492269324, -0.2900806466645943
2.141320641074764, 1882.4749514782238, 0.8450675617700495, 0.49374565877829274, -0.20512412773089067
2.1413606410747636, 1882.5101162249762, 0.8637510487724813, 0.49001524805664465, -0.1175544520493994
2.1414006410747635, 1882.5452809717283, 0.873350472535224, 0.4862698865755777, -0.028291620561136585
2.1414406410747633, 1882.5804457184806, 0.8737132393144373, 0.4825096886090839, 0.06172067388855686
2.141480641074763, 1882.615610465233, 0.8647849667634073, 0.4787347688838274, 0.15152507230667106
2.141520641074763, 1882.650775211985, 0.846610698609086, 0.4749452425756431, 0.24016079247827082
2.1415606410747627, 1882.6859399587374, 0.8193350484077981, 0.47114122530602537, 0.32667397880117593
2.1416006410747626, 1882.7211047054898, 0.7832012630981561, 0.4673228331386013, 0.4101280467531663
2.1416406410747624, 1882.756269452242, 0.7385492088758695, 0.46349018257558466, 0.48961390892569845
2.141680641074762, 1882.7914341989942, 0.6858122937867869, 0.4596433905542255, 0.5642599700140495
2.141720641074762, 1882.8265989457466, 0.625513353239329, 0.4557825744432426, 0.6332417798603682
2.141760641074762, 1882.8617636924987, 0.5582595362432565, 0.45190785203923833, 0.6957912365942944
2.1418006410747616, 1882.896928439251, 0.484736241457428, 0.4480193415631081, 0.7512052360826603
2.1418406410747615, 1882.9320931860034, 0.40570016294642575, 0.44411716165643417, 0.7988536692484937
2.1418806410747613, 1882.9672579327555, 0.32197151578035554, 0.44020143137786133, 0.8381866752996142
2.141920641074761, 1883.0024226795078, 0.2344255211450167, 0.4362722701994681, 0.8687410664550297
2.141960641074761, 1883.03758742626, 0.1439832393491613, 0.4323297980031218, 0.8901458482970656
2.1420006410747607, 1883.0727521730123, 0.051601846918185576, 0.42837413507681765, 0.9021267693208508
2.1420406410747606, 1883.1079169197646, -0.041735539244735484, 0.4244054021110113, 0.9045098435018006
2.1420806410747604, 1883.1430816665168, -0.13503038195176903, 0.4204237201949367, 0.8972238006476354
2.14212064107476, 1883.178246413269, -0.22727947486831196, 0.41642921081290885, 0.8803014308270766
2.14216064107476, 1883.2134111600215, -0.3174858081802442, 0.4124219958406199, 0.8538798011481432
2.14220064107476, 1883.2485759067736, -0.4046694302403634, 0.4084021975414205, 0.818199335464342
2.1422406410747596, 1883.283740653526, -0.48787818591200643, 0.4043699385625871, 0.7736017600817496
2.1422806410747595, 1883.3189054002783, -0.566198212916484, 0.40032534193158203, 0.7205269310857021
2.1423206410747593, 1883.3540701470304, -0.6387640794027384, 0.39626853105230037, 0.6595085713625883
2.142360641074759, 1883.3892348937827, -0.7047684491803974, 0.3921996297013019, 0.5911689576201513
2.142400641074759, 1883.424399640535, -0.7634711655641476, 0.38811876202403706, 0.5162126095703609
2.1424406410747587, 1883.4595643872872, -0.8142076505264632, 0.38402605253105937, 0.4354190447971309
2.1424806410747586, 1883.4947291340395, -0.8563965227912409, 0.37992162609422286, 0.34963467355639183
2.1425206410747584, 1883.5298938807916, -0.889546346553149, 0.37580560794287915, 0.2597639177240357
2.142560641074758, 1883.565058627544, -0.9132614315937974, 0.3716781236600487, 0.16675964720137765
2.142600641074758, 1883.6002233742963, -0.9272466155911573, 0.3675392991785939, 0.07161303520052006
2.142640641074758, 1883.6353881210484, -0.9313109702769518, 0.3633892607773773, -0.024657059133935205
2.1426806410747576, 1883.6705528678008, -0.9253703846716554, 0.3592281350774044, -0.12101506644067822
2.1427206410747575, 1883.7057176145531, -0.9094489907932346, 0.35505604903796406, -0.21641992223668177
2.1427606410747573, 1883.7408823613052, -0.8836794098612534, 0.35087312995275555, -0.3098363990982101
2.142800641074757, 1883.7760471080576, -0.848301809963827, 0.34667950544600024, -0.40024643164250034
2.142840641074757, 1883.81121185481, -0.8036617792780212, 0.3424753034685515, -0.4866603094059604
2.1428806410747567, 1883.846376601562, -0.7502070320886716, 0.3382606522939915, -0.5681276134846397
2.1429206410747565, 1883.8815413483144, -0.68848297788891, 0.334035680514713, -0.6437477749611025
2.1429606410747564, 1883.9167060950667, -0.6191271966210636, 0.32980051703799973, -0.7126801366727985
2.143000641074756, 1883.9518708418188, -0.5428628754841895, 0.32555529108209386, -0.7741534047491617
2.143040641074756, 1883.9870355885712, -0.4604912745532005, 0.3213001321722492, -0.8274743825111489
2.143080641074756, 1884.0222003353235, -0.3728832995885577, 0.3170351701367828, -0.8720358867261151
2.1431206410747556, 1884.0573650820756, -0.2809702707359746, 0.31276053510311436, -0.9073237547669079
2.1431606410747555, 1884.092529828828, -0.18573398520204903, 0.3084763574937925, -0.932922860847358
2.1432006410747553, 1884.12769457558, -0.08819618033361959, 0.30418276802251815, -0.9485220700949805
2.143240641074755, 1884.1628593223325, 0.01059248927356729, 0.29987989769015666, -0.9539180706621903
2.143280641074755, 1884.1980240690848, 0.10956384104467737, 0.2955678777807381, -0.9490180362459032
2.1433206410747547, 1884.233188815837, 0.20764379582018425, 0.2912468398574542, -0.9338410841493736
2.1433606410747545, 1884.2683535625893, 0.3037641238235249, 0.2869169157586444, -0.908518507239378
2.1434006410747544, 1884.3035183093416, 0.3968741757619074, 0.2825782375937709, -0.8732927716803102
2.143440641074754, 1884.3386830560937, 0.4859524691686378, 0.27823093773938984, -0.8285152860140654
2.143480641074754, 1884.373847802846, 0.5700180010936733, 0.27387514883511327, -0.7746429608477894
2.143520641074754, 1884.4090125495984, 0.6481411606935512, 0.2695110037795591, -0.7122335919567889
2.1435606410747536, 1884.4441772963505, 0.719454119142314, 0.2651386357262988, -0.6419401128541533
2.1436006410747535, 1884.4793420431029, 0.78316057954525, 0.26075817807979496, -0.5645037756715011
2.1436406410747533, 1884.5145067898552, 0.8385447761349747, 0.25636976449132726, -0.4807463313906632
2.143680641074753, 1884.5496715366073, 0.8849796198970142, 0.2519735288549219, -0.3915612919239502
2.143720641074753, 1884.5848362833597, 0.9219338968273525, 0.2475696053032584, -0.2979043671284543
2.1437606410747527, 1884.6200010301118, 0.9489784351711933, 0.2431581282035816, -0.20078317943432644
2.1438006410747525, 1884.6551657768641, 0.9657911691215951, 0.23873923215360293, -0.10124636725543895
2.1438406410747524, 1884.6903305236165, 0.9721610384480033, 0.2343130519773891, -0.00037219563257852306
2.143880641074752, 1884.7254952703686, 0.9679906762471383, 0.2298797227212524, 0.10074320145325631
2.143920641074752, 1884.760660017121, 0.9532978503223835, 0.22543937964963084, 0.2009978180401411
2.143960641074752, 1884.7958247638733, 0.9282156374555406, 0.2209921582409569, 0.2992958801659455
2.1440006410747516, 1884.8309895106254, 0.8929913238837182, 0.21653819418352752, 0.39455992289378977
2.1440406410747515, 1884.8661542573777, 0.8479840394772765, 0.212077623371365, 0.48574270617426946
2.1440806410747513, 1884.90131900413, 0.793661147273027, 0.20761058190006618, 0.5718388366086323
2.144120641074751, 1884.9364837508822, 0.7305934239906867, 0.20313720606265392, 0.6518959649448854
2.144160641074751, 1884.9716484976345, 0.6594490807917206, 0.19865763234541936, 0.725025433377502
2.1442006410747507, 1885.0068132443869, 0.5809866866730964, 0.19417199742375307, 0.7904122523894438
2.1442406410747505, 1885.041977991139, 0.49604706937407583, 0.18968043815797886, 0.847324293914739
2.1442806410747504, 1885.0771427378913, 0.4055442803685436, 0.1851830915891783, 0.8951205959372169
2.14432064107475, 1885.1123074846435, 0.31045572128348425, 0.1806800949350063, 0.9332586831874894
2.14436064107475, 1885.1474722313958, 0.21181153880091974, 0.17617158558550702, 0.9613008192531547
2.14440064107475, 1885.1826369781481, 0.11068340365215108, 0.1716577010989223, 0.978919117060792
2.1444406410747496, 1885.2178017249003, 0.008172796598485937, 0.16713857919749206, 0.9858994471951653
2.1444806410747494, 1885.2529664716526, -0.09460106977531071, 0.16261435776325453, 0.9821440967534855
2.1445206410747493, 1885.288131218405, -0.19651356012195642, 0.15808517483383971, 0.9676731452440894
2.144560641074749, 1885.323295965157, -0.29644701988908806, 0.15355116859825513, 0.9426245382758396
2.144600641074749, 1885.3584607119094, -0.39330313551161, 0.14901247739267184, 0.9072528542878796
2.1446406410747487, 1885.3936254586617, -0.4860151134175892, 0.14446923969620404, 0.8619267741763881
2.1446806410747485, 1885.4287902054139, -0.573559541615615, 0.13992159412668007, 0.8071252782211575
2.1447206410747484, 1885.4639549521662, -0.6549678007575178, 0.13536967943642034, 0.7434326090357506
2.144760641074748, 1885.4991196989185, -0.7293368962031745, 0.13081363450799502, 0.6715320531981543
2.144800641074748, 1885.5342844456707, -0.7958395887067291, 0.12625359834999478, 0.5921986076055676
2.144840641074748, 1885.569449192423, -0.8537337088322092, 0.12168971009278491, 0.5062906092841313
2.1448806410747476, 1885.6046139391751, -0.90237054901131, 0.11712210898425943, 0.41474041922635296
2.1449206410747474, 1885.6397786859275, -0.9412022371820327, 0.11255093438559541, 0.3185442616890676
2.1449606410747473, 1885.6749434326798, -0.9697880070846379, 0.10797632576700164, 0.21875133013703812
2.145000641074747, 1885.710108179432, -0.9877992924187475, 0.10339842270345881, 0.11645227954792471
2.145040641074747, 1885.7452729261843, -0.9950235850485195, 0.09881736487046475, 0.012767232002985004
2.1450806410747467, 1885.7804376729366, -0.9913670111375631, 0.0942332920397735, -0.09116657171117373
2.1451206410747465, 1885.8156024196887, -0.9768555933490338, 0.08964634407512631, -0.1942073374411598
2.1451606410747464, 1885.850767166441, -0.9516351818996813, 0.08505666092798805, -0.29522136010482014
2.145200641074746, 1885.8859319131934, -0.9159700521450088, 0.08046438263327789, -0.39309560216294265
2.145240641074746, 1885.9210966599455, -0.8702401813284171, 0.07586964930509218, -0.48675006741976834
2.145280641074746, 1885.9562614066979, -0.8149372319812485, 0.07127260113243333, -0.5751498313947603
2.1453206410747456, 1885.9914261534502, -0.7506592840446542, 0.06667337837493319, -0.6573165930243681
2.1453606410747454, 1886.0265909002023, -0.6781043719323498, 0.06207212135856909, -0.7323396175024478
2.1454006410747453, 1886.0617556469547, -0.5980628963042524, 0.057468970471386265, -0.799385946598705
2.145440641074745, 1886.0969203937068, -0.511408993119649, 0.05286406615921474, -0.8577097607361708
2.145480641074745, 1886.1320851404591, -0.4190909544379838, 0.048257548921380976, -0.9066607863752122
2.1455206410747447, 1886.1672498872115, -0.3221208062984067, 0.04364955930642375, -0.9456916527415202
2.1455606410747445, 1886.2024146339636, -0.22156315871016777, 0.03904023790780617, -0.9743641135333221
2.1456006410747444, 1886.237579380716, -0.11852345121184717, 0.034429725359623374, -0.992354061820216
2.145640641074744, 1886.2727441274683, -0.01413572450961402, 0.02981816233231412, -0.9994552797625157
2.145680641074744, 1886.3079088742204, 0.09044994570015769, 0.025205689528369022, -0.9955818788858994
2.145720641074744, 1886.3430736209727, 0.19408021254748722, 0.02059244767803499, -0.9807694012833076
2.1457606410747436, 1886.378238367725, 0.295611276770933, 0.01597857753502381, -0.9551745671197952
2.1458006410747434, 1886.4134031144772, 0.3939216169002787, 0.011364219872217897, -0.919073669017206
2.1458406410747433, 1886.4485678612295, 0.48792448800314947, 0.006749515477371316, -0.8728596291221838
2.145880641074743, 1886.483732607982, 0.5765800485025211, 0.0021346051488215865, -0.8170377497405716
2.1458959699687816, 1886.4972085249033, 0.6089288223721965, 0.0003660434235115955, -0.793224652078921
2.1458984389611477, 1886.4993790621854, 0.6140486286903054, 8.118458661526189e-05, -0.7892680586351645
2.1458988750103067, 1886.4997624011417, 0.6149501727801331, 3.087561736816755e-05, -0.7885658358142862
2.1458993110594657, 1886.5001457400979, 0.6154370258721364, 3.6895492684270685e-06, -0.7881859488363443
2.145899709866426, 1886.5004963387419, 0.6154370258721364, 3.6895492684270685e-06, -0.7881859488363443
2.1459036979360295, 1886.504002325183, 0.6154370258721364, 3.6895492684270685e-06, -0.7881859488363443
2.145943578632064, 1886.539062189592, 0.6154370258721364, 3.6895492684270685e-06, -0.7881859488363443
2.145983578632064, 1886.574226936344, 0.6154370258721364, 3.6895492684270685e-06, -0.7881859488363443
2.1460235786320636, 1886.6093916830964, 0.6154370258721364, 3.6895492684270685e-06, -0.7881859488363443
2.1460635786320634, 1886.6445564298488, 0.6154370258721364, 3.6895492684270685e-06, -0.7881859488363443
2.1461035786320632, 1886.6797211766009, 0.6154370258721364, 3.6895492684270685e-06, -0.7881859488363443
2.146143578632063, 1886.7148859233532, 0.6154370258721364, 3.6895492684270685e-06, -0.7881859488363443
2.146183578632063, 1886.7500506701056, 0.6154370258721364, 3.6895492684270685e-06, -0.7881859488363443
2.1462235786320627, 1886.7852154168577, 0.6154370258721364, 3.6895492684270685e-06, -0.7881859488363443
2.1462635786320625, 1886.82038016361, 0.6154370258721364, 3.6895492684270685e-06, -0.7881859488363443
2.1463035786320623, 1886.8555449103624, 0.6154370258721364, 3.6895492684270685e-06, -0.7881859488363443
2.146343578632062, 1886.8907096571145, 0.6154370258721364, 3.6895492684270685e-06, -0.7881859488363443
2.146383578632062, 1886.9258744038668, 0.6154370258721364, 3.6895492684270685e-06, -0.7881859488363443
2.146423578632062, 1886.9610391506192, 0.6154370258721364, 3.6895492684270685e-06, -0.7881859488363443
2.1464635786320616, 1886.9962038973713, 0.6154370258721364, 3.6895492684270685e-06, -0.7881859488363443
2.1464678967096584, 1887.0, 0.6154370258721364, 3.6895492684270685e-06, -0.7881859488363443
